text,label,notes
"Any alumni want to help a fellow cyclone with internship or part time job? IT or acct.. I’m sure you are well aware how bad the job market is. Can any alumni in MIS or acct help a student out, offer some advice, or where I can look? I’m feeling hopeless a seeing these fucking nepo babies/ hires add more fuels. Im getting some interviews, but haven’t heard back anything. Not sure if my interview skills suck. Before yall start attacking me and telling me I need to go on Indeed or career fair.. did that done that. I honestly don’t know what I hope to gain out of this post… seem a little bit desperate, but I see more it as being an opportunist. Lol",seeking_help,
That's part of this whole thing being allowed.,sharing_experience,
"Math 1660 over summer?. Looking into retaking calc 2 over summer. For anyone who has taken it through ISU, how was it?",seeking_help,
"Thanks for the love r/iastate. A few weeks (months, maybe, it is hard to tell the passage of time these days) I posted a [video where I tried on a facemask](https://www.youtube.com/watch?v=RTQCuYQpYFE) students had made for me. The love this community had quickly made it my most watched video (by a factor of about 100). Today a clip from it made its way onto a [montage video on YouTube](https://youtu.be/DkJ-50GLi2I?t=43) (I show up around the 43 second mark); and I wanted to share. (Fun bonus, if you search ""[living through 2020](https://www.youtube.com/results?search_query=living+through+2020)"" you will see the image they chose to go with for promoting the video.) Thanks for all of the love that this community has. I hope you are doing well and make sure to take care of yourself and keep an eye on your loved ones",sharing_experience,
ISU new president political donations. Just trying to provide (obvious) facts. New ISU president is most likely a Trump supporter,announcement,
This better be an April Fools joke,sharing_experience,
Prof email tags. I know Dr. Popillion uses email tags to help auto sort her emails. Does anyone have the tag format and be willing to share it? I've forgotten it over the years,seeking_help,
"Every NFL team, and countless other CFB teams already sell alcohol. Are they all in the wrong too? Also, They state they will stop selling at the end of the 3rd quarter.",sharing_experience,
"Is Wilson that bad?. Guys I got assigned to Wilson should I be worried, what are they like also should I consider a room change and how would I do that?",seeking_help,
"HELP ME🤚🏻😭I NEED TO FIND DORMS im a new international student btw. Basically, Im an international student who's coming to Iowa state uni for fall 26'. I have no clue which housing option is good. Please suggest me and feel free to provide me tips y'all it'll be really helpful :)",seeking_help,
"Unionize P&S!. Professional and Scientific employees of Iowa State University! Normally when I post, it's for the Merit employees that I represent. This time, it's for you! The United Campus Workers of Iowa are organizing an event to discuss how we can work together to fight for better working conditions for students, staff, and faculty at higher education institutions in Iowa. Merit employees organized under AFSCME in 1984. This is YOUR opportunity to drive the effort to unionize P&S. Imagine what what can we accomplish together!",announcement,
How to reserve seats for class in workday?. Hello. Can anyone help me? I want to reserve seats for one of the classes when there is available? Is there a way I can do this where they will automatically enroll me in the course or will i just have to keep checking workday every time to ensure there is open seats?,seeking_help,
"13 on Aleks. Idek what to say… do I need to retake it? I don’t know how stupid I am for forgetting stuff I learned 12 years ago, but here we are…",seeking_help,
"Missing orientation for MUSIC 1020 (online). Has anyone taken this class (Intro to Music Listening w/ Tam) before and also missed the orientation? Asking because I've already emailed my professor explaining my situation and she sent me an AI template email back and clearly did not read my email. Just wanted to see if anyone has had this happen before while I wait for her email back (and also shout to the void a little). I would be missing the orientation (only) since I only found out about it on Saturday (and it's on Tuesday at 1pm), and happen to have an important appointment scheduled for the same time (which I already tried and failed to reschedule). I'm so sick of these stupid online classes being listed as ""asynchronous"" but failing to mention important things like this on Workday. Like this is an ONLINE SUMMER class for MUSIC LISTENING!!!! Why do so many of these professors have ZERO respect for student's time? The entitlement some of them have just blows my fucking mind. I'm honestly considering dropping, but then I'll have to find another online 3-credit humanities course that doesn't sound insufferable, and I should probably do that sooner rather than later. **Update:** Decided to cut my losses and swapped for MUSIC 3040, lets gooo",seeking_help,
"With no one on campus due to the quarantine, Lake Laverne has begun to return to it's natural state. This was taken this morning.",sharing_experience,
"Short term leases in Ames?. I'm doing a co-op, so I won't be in Ames for the fall semester, I'll be coming back for Spring semester then leaving again in the summer. Does anyone know of any off-campus apartments (1 bed/studio) that will rent for just the Spring? I am trying to find places asap, I will have a car so transportation is not an issue",seeking_help,
"DSM airport parking. Hey guys, So I need some guideance on how to go park my car at the DSM international airport parking lot. To put it shortly without giving out too much info I plan to be out of the state for 4 days. I want to park at the Grey Economy lot in the DSM parking lot for those days. What should I expect while going there? Ive never done airport parking before so what do I need to bring to pay, what should I expect, do I book ahead of time, how do I take the suttle, and any more tips/tricks for parking there. Thank you!",seeking_help,
"Bring Back the Dinky!. Just need to lay some tracks, and wouldn’t even need to redo the paint job 😅",sharing_experience,
Hickory Park Sucks. That’s all I have to say,sharing_experience,
Help keep the lightedge data center out of Ames. Links in comments,announcement,
"Any thoughts on CHEM 167L?. Hi guys, I'm an incoming freshman and I just registered for this class. But after looking it up online, the reviews were brutal and it doesnt seem like a 1-credit workload at all. It's actually not mandatory course for me so I'm seriously wrestling with whether to keep it or drop it 😭 Any thoughts would help!",seeking_help,
"🎄🎁Christmas Send Off🎄🎁. Pizza’s hot, Christmas cheer is ready, and all that’s missing is you 🎄🍕✨ Grab a friend, wear your festive gear, and join us this Wednesday for our Christmas Send Off! 📸💛",announcement,
"lol matt campbell isnt going anywhere, dude just signed an extension",sharing_experience,
Found on r/gradadmissions: Offer Withdrawal!! What the actual hell is this??!!!!💀💀,sharing_experience,
Artist and Tattoo Studio. These amazing local artists have been offering beautiful tattoos and artwork to Ames and surrounding community members for over 2 decades- they each have their own unique and recognizable style that appeals to a wide range of tastes in tattoo artistry,announcement,
I found a relic today.. RIP Es Tas,sharing_experience,
Shoutout to my man in Coms 227,sharing_experience,
"Missing Cat. Her name is Artemis. Please, if you see her at all, reach out to us at the phone number or email listed. You could also leave an upvote and potentially increase the visibility of this post",seeking_help,
"Pls stop farting in class, use deodorant and take a damn shower. If you are in SE/COMS 309, sitting near the front in the middle of the classroom, I swear to god, pls reevaluate your diet. You should NOT be farting every 3 mins in class, and if you are, go fucking take a shit. I don’t care if u saw me covering my face with my jacket, I did that on purpose so you could see the fucking turmoil you were putting me through. It clearly did not work, bc ur stinky ass kept blowing. Additionally, use fucking deodorant. Idk if this was the same person, but I’m gonna take a guess and assume the person blowing ass every 2 milliseconds probably doesn’t have the awareness to put deodorant on either. Thanks!!!!!!!!!",sharing_experience,edge: PSA-style rant aimed at a person -> sharing_experience (venting)
When your roommates keep eating your leftovers like it's theirs,sharing_experience,
I drew cynado to celebrate the win tonight,sharing_experience,
GIVE ME A BOOZY CLONE CONE,sharing_experience,
Looking to go from Ames to Chicago O'Hare airport by road. Any suggestions apart from taking the bus?,seeking_help,
Steve Butler has some competition today,sharing_experience,
"What Should I Do If I Don't Have a US Phone Number?. Setting up this refund through Nelnet task on workday, it requires a US phone number only but I don't a US phone number. What should I do? Any and all help is greatly appreciated!",seeking_help,
"fair warning if you join the cosplay club.. tw: sa and harassment hey y'all. one of my friends was a member of the cosplay club, along with a few others. The time that they were there, they experienced harassment from one of the club officers, as well as making lecherous comments about their bodies and following them after club meetings. mind you, this person is still in power at the moment (the current vp) and abused their power when someone spoke up against him, and went forward to make the victim look bad. even when the other victim reported these incidents twice, they were met by an email defending the officer saying that ""its him being awkward and neurodivergent""- which is no excuse to be doing those acts. which implies that him groping women is okay because he's neurodivergent. this incident and other incidents involving sexual assault and harassment caused many people to leave. this is not the first time club members felt unsafe, as other officers have had similar incidents towards others and have swept it under the rug for two years, until something hits the fan. if you plan to join this club, be mindful of the situation you may be entering",sharing_experience,
Can we all agree this is an ugly ahh piece of art. Why,sharing_experience,
"I gotta say, Notre Dame started doing this this past season and I went to one of their games. It was quite rowdy, and several near-fights occurred in my section. However, this is coming from an alumni member of the band, so I had a different game day experience most of the time.",sharing_experience,
Pros and cons of rushing a sorority?,seeking_help,
"Please start wearing deodorant as we approach warmer temperatures. Yeah, some of yall on campus be stinking. Start wearing deodorant omg",sharing_experience,
Working at residence halls. I’ve been wanting to get some hours during school and was wondering if they hired students for part time to do custodial work throughout the year for residence halls. If anyone has information can you let me know,seeking_help,
A man has fallen off the Campa-Meal in Lego Iowa State!,sharing_experience,
"I met cult recruiters in the library. A few weeks ago, I was in the parks library just studying, when I randomly got approached by some guy and his friend. They asked me if I believe in the bible and I told them I'm on the fence leaning toward 'no' about all that. Anyways, they seemed like normal, down to earth guys and invited me to bible studies every week that might change my views. I decided to go out of curiosity and I have been for the last 4 weeks or so. Most of what they've been teaching seemed pretty normal until this week. They revealed to me that they're part of a ""church"" that believes some Korean guy was the second coming of christ. To be frank, that shit sounds absurd, and from my own research, it looks like their ""church"" is closer to being a cult. I'm just surprised since these guys seemed like regular dudes, but I guess that's how they get your gaurd down",sharing_experience,
"What’s with the politeness?. I’m new to Iowa. Whenever I go out or bike around, people greet me warmly. I hear the phrases “thank you,” “sorry,” and “have a nice day” about 10 times a day. I work in dining, and I’m regularly addressed as “sir.” I’ve never been called “sir” before, especially from people who look older than me. These are college students, right? People say Canadians are polite, but I’ve been all over Canada and they don’t compare to this amount of hospitality. Don’t get me wrong, there are some people who disrespect me, but they are the tiniest of minorities. I just wanted to share my appreciation of the people in this city and university. Thanks to you, I’m having a blast!",sharing_experience,edge: observation w/ rhetorical 'what's with'; not asking -> sharing_experience
Mysterious Item. Did someone leave a mysterious item near the top floor of Wallace?,seeking_help,
"Near which dorm most of the classes are held , if we talk about Agronomy ?. Hi, i am an international student admitted to Agronomy and I look for information about dorm , which one is the best option. Would be really great to read your advises and own experience",seeking_help,
"Searching for Voice Actors. Short or Long-Term, searching for voice actors for a FOR FUN project, unfortunately not able to pay right now- it's just for fun! PM for details",seeking_help,
"Colby Brandt impeachment dismissed by Supreme Court for lack of Jurisdiction as it “violates First Amendment rights.”. This decision results in no hearing and effectively saying these sorts of decisions are allowed at ISU. Good to know Stu Gov presidents can sign NDAs with outside orgs, receive benefits with free travel, and payment tied to recruiting other officials while it’s all covered under the first amendment. EDIT: The justices decision was impacted by the university lawyer, why the university lawyer is involved is unknown",announcement,
Calculus II Placement Exam. I am a incoming freshman for the coming fall and I was wondering how difficult the placement exam is for calc II. Like is the content over Calc I stuff or is it calculus in general?,seeking_help,
"To the group of people who’ve used meta glasses both calc exams this semester:. I do not like you. One came up bragging to me after the last exam about how they got an A with their meta glasses. I spent years of my life studying for these exams and got a B at most, and these people stroll in and take all the points away. How are we at the point where we’re using AI smart glasses to cheat on exams? I feel like I’m in a movie",sharing_experience,
"Stolen bike. Hello everyone, My bike, blue trek fx1, was stolen from the first property management apartments near the frats recently. If anyone sees it or knows it's whereabouts please let me know. Would look like this bike pictured here. Edit: I have filed a police report",seeking_help,
Is this schedule doable for an incoming Freshman Im worried that Im taking too many credits,seeking_help,
"King of the SIC. Last year, I found a timelapse of the Nuclear Engineering Building being demolished and replaced by the SIC and decided to put the King of the Hill theme over it",sharing_experience,
"Iowa State announces alcohol sales at Jack Trice Stadium, Hilton Coliseum",announcement,
I really love that time of year where campus starts to look like a depressing Russian apartment district,sharing_experience,
"Update: Broke up with my engineering gf because she said my major is ""way easier than hers"". AITA?. Hey, figured I'd drop an update since [this](https://www.reddit.com/r/iastate/s/b0v0eyFi1f) blew up more than I expected. So after I posted and blocked her, she found the thread and has replied to it multiple times now to try and humiliate me. She is clearly done and not trying to get back together, just out here trying to make me look bad publicly while acting like she's above it. Whatever. If she's so stressed from Statics and studying 20+ hours, maybe she should focus on that instead of Reddit. My roommates saw the comments and are still saying I messed up the relationship, but idk. She started the disrespect by saying my classes are ""way easier"" when I was just trying to show her that her bad day wasnt really that bad. Business majors deal plenty too. Dont need to flex suffering to feel smart or gain sympathy. Anyway, im over it. Life feels better without the drama. Already feeling like I dodged something. I'm heading to the Carver second floor bathroom in a bit to blow off some steam after all this. If anyone hears any weird noises coming from one of the stalls (echoes, bangs, rustling, whatever), just ignore it like usual. You know how that spot is. No one needs to check or post about the noise",sharing_experience,"edge: experience+question; AITA is rhetorical, the update is the point -> sharing_experience"
"Anyone using a MacBook for Mechanical Engineering?. I just finished my first year at my community college and I'm hoping on transferring to Iowa State after my second year to major in mechanical engineering. I currently have a Razer Blade 2022 with a 3060 and at first I liked it, but after using it for a year the battery life became terrible, I barely get 2 or 3 hours with it now so it's become a habit of having it plugged in all the time, and the screen feels pretty small too. I've been recently thinking about getting a MacBook Pro M3, but I'm hesitating because I know that SolidWorks doesn't run on macOS, but it's possible to do so through Parallels. Should I make the switch?",seeking_help,
"As a Texans fan.... ...thank you, Cyclones! All three of your receivers are hitting today. https://preview.redd.it/6a7q30s5gctf1.png?width=1065&format=png&auto=webp&s=059693154131333b2d05e3b046e409475c162571",sharing_experience,
"Late night arrival to Iowa State as an exchange student — transport advice?. Hi everyone! I’m an exchange student from Denmark and I’ll be studying at Iowa State University this fall. I’ll probably arrive August 16, and pretty late at night (around 10:30 PM), and I’m trying to figure out the best way to get to campus safely and easily. What transportation options would you recommend from the airport to ISU/Ames at that time? Is Uber/Lyft reliable that late, or are there shuttle services students usually use? Also, if anyone has general tips for international students arriving for the first time, I’d really appreciate it! Thanks :)",seeking_help,
"Chatted ALL of thermo I, am I cooked for thermo II?. I took on a credit overload (20) and got my ass handed to me (but I made it out with all As and two Bs). I originally took thermo I with Zoz and went through the first 4 weeks legitimately. Then it got real, and I ended up fully GPTing the rest of the course (which got me an A, obviously) just to move up my sleep hours from 4 to 5. There are two months until the semester starts. My goal is to do the next course legitimately (how else am I supposed to be an engineer). I'm taking thermo II (I learned my lesson and am taking 16 credits) and am wondering how fried I am. Should I stay with Zoz? Should I switch professors to force myself to survive? Will it be over for me for ME 4360 heat transfer? What about for real mechanical engineering?",seeking_help,
My fiancé proposed to me under the campanile on Thursday!,sharing_experience,
Looking for Table Top RPG players,seeking_help,
"Dorm question- Helser: Brown House. Hi- new college parent of a Freshman starting this Fall 2025, engineering major. He was given a room in the towers but moved in Helser, Brown House (he’s on the second floor). I have read anything I can find on the dorm to help inform him/ourselves and certainly it’s clear the dorm is a hot one, but wondered if anyone has any additional perspective to share specifically on Brown House or on the second floor (2661)? He’s not near a bathroom or stairwell which I saw as a good thing?",seeking_help,
"To the person who took this polaroid.... It was KQ, two years ago. I was headed to the scavenger hunt room and I asked you for directions. I was bringing my cat as a scavenber hunt item— The clue was ""something over 100 years old"". My cat, at the time, was 15, 105 in ""cat years"" You had a Polaroid camera and asked to take a picture, and you gave me the picture when it was done. The cat in this picture, my best friend in the whole world, passed away a year later. I still carry this polaroid in my wallet. I see it every day I don't know your name. I don't know if I've ever seen you again. But I wanted to say, thank you for the little piece of him that I can still carry. I'm glad you had your Polaroid that day",sharing_experience,
"Vet School. Are there any current vet students at ISU that I can ask advice to, preferably one that will deal with potentially stupid questions 🫶🏻. The further you are into the CVM program, the better! Graduates are really good too :). Reddit users can be a little harsh over small things, so I would like to communicate through DM’s! Thank you :))",seeking_help,
Summer state gym is a scam. It’s kinda crazy they’re charging 50 a month for the gym when it’s only open 6-8 during the week and noon to 6 on the weekends,sharing_experience,
"Social norm/culture in Ia. Im going to be joining IOWA state in a few months now and I have a few questions. And to inform in advance, I've only attended school in my country and have only seen ""american movies"" set in colleges so please ignore/oversee if whatever I'm saying might sound bizzare. 1. Are there any bullies or ""bad people"" that I should be staying away from? 2. Do ppl actually do dr\^gs and shi in the campus? 3. What do I do if I get bullied or sm?(idk ppl show bullying as a big part in them movies) 4. are shootings a regular occurrence?",seeking_help,
Anyone taken math 164 or/and ACCT 132 in the summer online at DMACC ?. Let me know your experience if you have and if you think it’s manageable with an internship. Also how it compares to just taking it at Iowa state,seeking_help,
Just got vaxxed in State gym and something weird is happening,sharing_experience,
Can someone please attest how easy/difficult this will me? Last sem for me. https://preview.redd.it/uvbgbvzfhcuf1.png?width=2426&format=png&auto=webp&s=0df15d701da19d300dcaaca427f1121ec6678671 U can ignore cpre 4920 and se4210 as these are required. Rest are electives,seeking_help,
The weather in Ireland doesn't look great for tomorrow...,sharing_experience,
How to sneak into the steam tunnels?. I just need a good place with enough privacy to cry,seeking_help,
Iowa State Names Jimmy Rogers Head Football Coach. Thoughts?,announcement,edge: news headline + 'Thoughts?' tacked on; news is primary -> announcement
"i loathe ice. back in february 2014 i slipped on an ice patch outside carver hall and ended up breaking my leg; two years later i slipped on a patch of ice on stange and got a concussion. this has led me to have animosity to ice, and since faculty are allowed to have opinions about the weather, i wanted to share mine. my opinions are my own and do not necessarily reflect the opinions of iowa state university. i have been made particularly anxious by the recent videos that have been coming out of minnesota. too many people have been injured by encounters with ice in the local neighborhoods. and no one, regardless of who they are or where they come from, deserves to be harmed by ice. walking around our city and our campus this past week it has been lovely to not have to deal with ice, and i hope that it stays that way. however, there is a chill in the air, and i cannot predict what will happen in the short term. for the long term i am an optimist, and i believe that warmer days will come where ice will no longer wreak havoc. until those warmer days, please exercise caution if you encounter ice, and remember that we are a community; what happens to any one of us, can happen to all of us. so let's always be ready to give a helping hand when needed. steve butler",sharing_experience,
"Laptops at Orentation. Hey, transfer orientation is tomorrow, and I can’t seem to find an answer online. Do y’all recommend bringing a laptop with you? I’ve heard you use it to register for classes but just want to be certain. Also is there anything else besides the obvious (ID, phone, pulse… ect) I should bring? Thanks in advance guys!",seeking_help,
"Incoming Freshman got assigned to Friley, Dodd house (basement).. Originally excited to get Friley but then realized it’s the basement. Not sure this is a great placement. Thinking the rooms aren’t in great shape. Appreciate Friley’s great location and social aspect. Understood there’s no AC, but the windows are at ground level. Any flooding or mold issues in basement dorm rooms? How are Dodd bathrooms? Wondering if I should try for Helser or elsewhere in Friley when portal reopens for “re-assignments” over summer",seeking_help,
"UPDATE: Coincidence?. 1st Pic: Today (Wednesday) 2nd Pic: Monday I assumed, if anything, they’d add another sign. But, nope, another pole it is",sharing_experience,
"Need a fun humanities elective for Fall 2026?. Need a fun, easy elective for Fall 2026? &#x200B; Check out ENGL 1690X - Taboo Language. This course will give a linguistic introduction to everything from cursing, to taboo topics, and from social variables associated swearing to what happens in our brain when we swear, along with swearing across cultures/language. Check with your advisor, but the course can probably be used as a humanities elective depending on which college you're in!",announcement,
Driving test route. Does anyone know whats the new driving test route?,seeking_help,
Rally tomorrow at 10AM near Campanile,announcement,
Lease Takeover. The Madison Apartments. PM if interested.. Lease Takeover for June 1-July 25. Renewal of Lease available. Individual Lease for 4 bedroom 4 Baths unfurnished,announcement,
"Exchange Course Mapping (AERE) Queries. Hi, I’m an incoming exchange student for the 2027 spring (Jan-may) semester, hoping to get some answers regarding my course mapping to ISU. Would appreciate any assistance in this matter. • I need to take AERE4220 Vibrations & Aeroelasticity as part of my exchange, but I checked the website it says that it is only offered even numbered years. So I was wondering if there is special exception/alternative for this. (It can’t be the case where someone failed or did not get an opportunity to take the course and have to delay 2 years for graduation to take it again right?) (my exchange will be heavily reliant on the ability to take this course, as it will affect my decision in paying a penalty to cancel my exchange). • What is the maximum number or credits allowed to be taken in a semester for exchange students? (I read that it is 18credits, but can request to overload) Sorry for the lengthy post/broken english, if the post is confusing do let me know, I’ll be happy to clarify 😅. Thanks in advance for any response",seeking_help,
CyRide been lookin different since the outbreak,sharing_experience,
"Men’s attire for convocation ceremony?. What are we supposed to wear under the gown…? Stupid question, but I genuinely am not sure",seeking_help,
"Dining dollars glitch. From what I remember, last year paying with “FLEX meals” on the get n go app used a meal, rather than dining dollars. Now, even though I have the option to order a get n go with dining dollars, I’ll use “FLEX” instead, but when I look at my account it shows I have just used dining dollars. Is this supposed to happen or am I doing something wrong? Is there any way I can still order a coffee without using dining dollars?",sharing_experience,
"Room Available Near ISU Campus – $275, Open to All. We’re 3 Indian students at Iowa State looking for 1 more person to join our house on **Tripp Street**. * Rent is **$275/month** (excluding utilities) * Not fully furnished * Open to anyone DM if you're interested!",announcement,
University of Iowa. Upvote this post so this is the first thing to come up when you search: University of Iowa.,sharing_experience,
"Coming to ISU as a transfer student!. I will be coming to ISU as a transfer student in a bit, what are some do's and dont's, where can I find and make friends as I'm coming in mid program. I have quite a lot of questions but It will just get really repetitive, so If ya'll could give me a quick guide on what to do, where to meet people or anything that can help an International Student, please let me know, thank you!",seeking_help,
UFL -> Iowa State. Hi! I’m (19F) coming to Iowa State from the University of Florida for an engineering internship from Jan-May. I just have a couple questions: \-Is living is schlitter village okay? \-Do I need a car? \-How cold will it be and what clothes should I pack/buy (south floridian so i don’t have heavy coats and think 70° is chilly) \-How safe is it (was planning to not bring a car but i wasn’t sure if it’s safe at night to walk home)? \-Is Iowa State social? Is basketball a big thing over there as well? \-Best gyms (short term use) / grocery stores /tennis courts in the area? \-Is there any shopping over there (not really important but would be nice)? \-Is there anything I should bring that I wouldn’t think to bring?,seeking_help,
"Post-Graduation Job Search Results - B.S. in Mechanical Engineering from ISU. I graduated in May of this year. For anyone coming down the tube at the end of this next semester, this is what the search may look like for you. Some additional notes and stats: * Graduated with 2.98 GPA, one internship, and two years as a student worker for the College of Design Output Center. Tech electives were oriented towards general industry skills (I E 305, TSM 310, CON E 380, M E 280X). No resume-worthy club projects. * Roles applied for were primarily product, design, or manufacturing engineering positions. * I applied for roles in IA, SD, MN, WI, IL, MO, KS, NE, and ND. * I got \*very\* close to receiving offers in June and July, but ultimately didn't find success until this week. * The role I recieved an offer for was in-state, in a generalist ME role (primarily product and manufacturing work), applied for through CyHire. Moral of the story: get internships, do club projects, don't blow off your calc lectures",sharing_experience,
Might sound dumb asf but does this mean i got accepted?!?!?!?!?!?,seeking_help,
LIB 1600. How easy is jt to test out of LIB 1600? I feel like it’s an unneeded course for me,seeking_help,
Strong new revenue being loosely used. Sure it’s new revenue. Strong it is not.,sharing_experience,
Strong in comparison to concession revenue without it seems like a good way to look at it.,sharing_experience,
"2026 Freshman Housing. Hey, I just completed making my Net ID and ALEKS assessment and Im looking to now get my housing contract filled out. How do I do that from the portal I can't seem to find the contract with the given links",seeking_help,
POV Butler is Your Therapist,sharing_experience,
Looks like Canvas is Irish for now.,sharing_experience,
"Help. Is it possible to change the grading basis of a course after the deadline has passed? I have a compelling reason for the request, but unfortunately, I missed the deadline",seeking_help,
"Dorm question?. What happens if I don’t select a room in the room selection part of the housing contract. I’m an incoming freshman, and was hoping to stay in frilly, but it didn’t show up as an option for me. If I don’t choose, will I be put in a random dorm building?",seeking_help,
Take the Audi Crooks and ISU Women's Basketball Quiz!. Take the Audi Crooks and ISU Women's Basketball quiz! [Click here](http://www.brogansblog.com/p/audi-crooks-and-iowa-state-women-quiz.html),announcement,
Pick up soccer games?. Any causal games going on in the summer? Looking to get back into soccer,seeking_help,
"TechCyte Service Center. If you go to the laptop repair place in the MU, ask for Mayuki. The lad is a cross between Azor Ahai and Eru Illúvitar, with better hair",sharing_experience,
"Any Engineering/STEM Major joining Harwood?. I just want to ask(PM) some questions, if you are a STEM student that applied/got assigned to Harwood",seeking_help,
What's your headcanon behind this scoreboard? Barn-burning buzzer beater? A comeback in vain? The worst call leading to 3 free throws that you've ever seen?,seeking_help,
"Missing Cat Found!!!. She had found a good hiding space, and when we searched a bit tonight, she was poking the top of her head out. She's home safe and sound and with a very large bowl of food",announcement,edge: found-pet resolution informing followers -> announcement
Hold. I have a hold on my workday personal and security information I tried changing everything but still have hold anyone know how to fix,seeking_help,
"Important date in ISU History (Missed it yesterday 😬). From the Ames History Museum FB page: https://www.facebook.com/share/p/1DPTYTFhXN/ Today in Ames history: On May 6, 1970, more than 4,000 students and community members marched from campus to downtown Ames to protest the draft, American involvement in Cambodia as part of the Vietnam War, and the shooting at Kent State University. Participants disrupted ROTC drills on campus, sang protest songs at the Armory building, blocked traffic on Lincoln Way, and protested at the Story County Selective Service Board office in downtown Ames. The following day, 24 demonstrators were arrested during a sit-in at the Selective Service office. Local protestors also added an entry called ""March for Concern"" to that year's VEISHEA parade on May 9, which was followed by another 2,000-person rally on Central Campus. This photo shows protestors blocking traffic at Lincoln Way and Beach Avenue on May 6, 1970. The March for Concern and other local marches are featured in the ""Unfinished Revolutions"" section of our current exhibit, ""We the People of Ames: A USA 250 Exhibit."" The museum is open Tue-Sat, 10am-4pm",announcement,
Calc 2. My son got his final grade for calc 2 today. Wasn’t exactly what he was hoping for. Does anyone else that took that class this year know if the curve is factored in already or if that is coming still? From what he was telling me a the average before finals it sounds like the professor sucks,seeking_help,
Free rats needing a new home,announcement,
I refuse to say the 4 digit class numbers. I’m not gonna say COMS 3310; Imma say COMS 331. That’s it. That’s the post,sharing_experience,
What's the Kind of Flooring Used in Freddy Court Dorms?,seeking_help,
David Cook will be the 17th President of Iowa State University,announcement,
"Mechanics of materials. Anyone know any places over the summer where it’s (relatively) pretty easy? Talking full online, as low effort as possible",seeking_help,
"Trouble Logging In With SSHIP (Sorry For the Constant Reuplaods!). I think Iowa State also doesn't allow students to create their own accounts or self check in here according to the guide to enroll given in the official website as I don't see the option to create an account. Who do I contact or reach out to? Any and all help is greatly appreciated! I'm so sorry, reddit was experiencing an error and it ended up posting every time I tried and showed me an error :/ I've deleted all previous posts and hope to have my questions answered within this single one. Thanks in advance!",seeking_help,
Everyone is trashed before they set foot in the stadium anyway.,sharing_experience,
vintage moped/scooter gang. Is anybody interested in racing a 50cc moped/scooter/motorcycle in Ames road?,seeking_help,
"Desperate for money in the NIL era. Matt Campbell’s last contribution to ISU. Drink up, Clones.",sharing_experience,
"ISU currently budgets $1m in revenue from concessions for the entire season. Iowa made $2.4m on alcohol sales \*alone\* last year, and Wisconsin broke $3m in their first season of alcohol sales. I’d say tripling concession revenue is a pretty strong revenue stream",sharing_experience,
WTF! Fire alarm in state gym,sharing_experience,"edge: in-the-moment reaction report, not a broadcast -> sharing_experience"
"Come eat pudding with a fork. /r/PuddingMitEinerGabel Iowa edition…sponsored by the German program but all are welcome, no German required. We will have pudding or you can BYOP",announcement,
"I know it is to get the “Benjamin’s” but how much liability insurance is needed when a fan kills somebody on the way home? Dumbest money grab idea yet! If they are indemnified then shame on them. All to feed the money grubbers- players, coaches, schools and administrators! Feed the beast!",sharing_experience,
Now stop letting people leave the stadium at half time.,sharing_experience,
Iowa-Iowa State game was third most-watched CFB game last week! 4.278M on FOX,announcement,
"McDonalds location (28560) Ames, IA is taking food back and throwing it away",announcement,edge: reports an event with no first-person framing -> announcement
DATA CENTER IN AMES. Lightedge is asking Ames City Council members to allow a data center to be built in Ames. I have attached the report that was released to this post. Here is the link to the petition to say ABSOLUTELY NOT to a data center being built here. There is more information on the proposal at the bottom of the petition page as well. https://actionnetwork.org/petitions/dont-build-data-centers-in-ames?source=direct_link There is also a Facebook group called “AMES VS DATA CENTERS” where you can get updates and discuss with others on how to stop it”,announcement,
Chic-fil-A back on campus after 20 years,announcement,
"Well, this sucks. That is all",sharing_experience,
"Missing Cat UPDATE. Seen at 917 Mesa Verde PI in west Ames. Headed toward Ross Rd. If you are in the area, please be on the lookout",seeking_help,
"First Amendment Days!. It was First Amendment Days on campus! Love to celebrate our right to speak freely, and I've never met a soapbox that I didn't like. See you all on Thursday!",announcement,
"Need addictions/ social media/technology expert to interview. I know this is quite the reach but figured I had to start some where. For a grad school class ( im an alumni to Iowa State) me and three other groupmates have to make a mock podcast, addressing a certain aspect of addiction.And we are covering addiction to social media, slash phone use. One requirement is speaking to an expert in the field, be this to addiction or technology, it would only be about thirty minutes of your time.A few weeks from now and we can definitely fit to work anyone else's schedule. If you or anyone you know ( such as any professors ) would be interested or willing please feel free to email me Savannawuebker123@gmail.com. Thank you!",seeking_help,
Supreme Court justice states dismissal of impeachment was due to ‘political pressure’,announcement,
"ISU Dining. I am a Computer Engineering student taking 18 credits this semester. I was recently assigned a part-time job at ISU Dining (Friley Windows). Will I be able to manage both, or will it become too hectic and start affecting my studies?",seeking_help,
"Flock Cameras. While reading an article about the flock cameras in story county I found that Story County never had any security addendum, allowing Flock to send this data somewhere abroad, or in unsecured software. If you’re interested in looking further into this check out the link. https://footnote4a.org/news/dps-story",announcement,
"More context to Flock cameras being sprung up in Ames.... Simply put, it's downright unconstitutional and none of us had a say in this",sharing_experience,
Steve Butler trying on the Steve Butler face mask,sharing_experience,
"New Rule: No Selling. Hi everyone we have a new rule. No selling items on this subreddit, that includes apartments and subleases. Please feel free to leave feedback and we’ll take it into consideration",announcement,
They're mad because it's true,sharing_experience,
Can you name the Iowa State Basketball player's jersey number? Take the quiz.. See if you can master this quiz. Name the Iowa State Basketball players jersey number. [Click here](http://www.brogansblog.com/p/what-is-iowa-state-players-jersey.html),announcement,
This absolute LEGEND at the game lmfao,sharing_experience,
A new era has begun at Iowa State. Good Luck Coach! We’re all rooting for you!,sharing_experience,
CALS Dean's Leadership Scholars. Looking for information about the scholarship our student received. It's the College of Agriculture and Life Sciences Dean's Leadership Scholars program. We understand that there is a work requirement with the program. It also seems there has been a class tied in with it in the past. Wondering if that is still the case. Also we have gotten conflicting information. Is the student paid for the hours they work in addition to receiving the scholarship on their U-bill?,seeking_help,
Happy 6 years since the Welch CVS got turned into a drive thru,sharing_experience,
"Incoming PhD student: Chances of getting Freddy Court this late? Should I cancel my contract before the grace period ends?. Hey everyone, I’m an incoming PhD student and I’m in a bit of a housing dilemma right now. I signed my DOR housing contract on May 15, so I missed the March 1 priority deadline. My only two preferences are Frederiksen Court (2 Bed/2 Person Private or 4 Bed/4 Person Private). I emailed DOR, and they said administrative assignments start next Wednesday (May 27) and go through June. The problem is my 14-day cancellation grace period ends on **May 29**, and DOR said they can’t guarantee I’ll actually have my assignment by then. If I don't get my assignment by May 27 or May 28, should I just cancel my contract to be safe? I really don't want to get past the 29th, get stuck with a massive cancellation penalty, and end up placed in a random undergrad dorm I didn't want. * What are the actual chances of getting a private room in Freddy Court when signing mid-May? * If I cancel next week, is it going to be hard to find a decent off-campus apartment in Ames this late? Any advice would be hugely appreciated. Thanks!",seeking_help,
"Ed Dept Policies. I’m going into the education major this fall as a transfer student and was wondering what the education department’s policy on piercings are? And dyed hair? For context, I have a septum piercing and would need to go to a piercer to have my jewelry removed, so I want to know if I should get that done before school starts or if I’m okay to keep it in. I also have multiple ear piercings and would like to know how many are acceptable/if I can keep them all in? I know some colleges allow piercings and some don’t, so I’m hoping for some inside info",seeking_help,
"Why are the library computers almost all macs now. Like why did they switch it to something slower and worse in nearly every way imo, just why",sharing_experience,"edge: rhetorical complaint ('just why'), not a real question -> sharing_experience"
"Questions before joining this fall. 1. As an international student, who intends to eat 3 meals a day, should I take the unlimited meal plan. 2. Around when will the online orientation we available ? It was said that it would come late may, but no other intimation till now. 3. For the online meeting I'll have with my academic advisor right after the orientation, how much do I need to be prepared ? Do I make a rough schedule of the classes I'm interested in taking, or would they suggest it to me based on my preferences ? 4. If a class is common between my major and minor, then how are the credits awarded ? Do I need to do an extra class, or will it be counted for both ? 5. If a Macbook M1 good enough for a Data Science/Stats major ? 6. What are some recommend work-study jobs for a freshman ? I prefer something that is desk-based and less hectic, but something that still pays well",seeking_help,
First ever 10 win season. Championship bound. Rare instance of being a Cyclone paying off.,sharing_experience,
How professors feel giving exams that look nothing like the sample ones,sharing_experience,
FOUND Water bottle. Found sunday april 26th 5:30ish at bus stop across Gilman. Gave to #6 bus driver call cyride if it is yours,announcement,
How far do y’all expect Iowa state to go in March madness this year?,seeking_help,
"Dave Portnoy (owner of Barstool Sports) - Jeff's Pizza Review. Portnoy aside, 6.2 feels fair for sober Jeff's",sharing_experience,
I love talking about Employee Rights. Every Thursday from noon to 1pm in the Free Speech Zone. Even in the rain,announcement,
Thanksgiving dinner: Dorm edition (thanks to ISU Dining),sharing_experience,
"Religion at Iowa State. Hello, incoming sophomore here. I have a question; what resources do I have available if i'd like to explore Buddhism? The past couple months of my life have been pretty rough, but Buddhism has helped exponentially, and i'd like to commit myself towards Buddhism when I get to campus next month",seeking_help,
"So we can spend millions on CyTown, coaching contracts, upgrades to Workday, but we can’t pay to let alumni keep their emails?",sharing_experience,
IE 3050. Is anyone able to describe what this course is like? Currently a CH E major and would like to know where IE 3050 ranks in terms of difficulty/workload. - Thank you,seeking_help,
"New CyRide Double-decker buses on order!. It's been a while all! Some exciting news for CyRide - I'm pleased to annouce we have purchased four new double decker buses from Astley Bus Company, and should arrive sometime within the next 6-10 months. These have been in the talks for about 5 years since ISU made plans to remodel the Campanile to include a dining center. These Astley buses will be a bit different than our standard Gillig, Nova, and Orion's, but are extremely smooth, comfortable, and reliable, and won't let you down. See the [Iowa State Daily](https://www.youtube.com/watch?v=dQw4w9WgXcQ) article for more information. Feel free to reach out if you have any questions! \-Mike",announcement,
"My bih ah roommate: *trying to boink his chopped little coworker in peace* The 20 min long, looped, max volume, yt video about abstinence blasting through my JBL Charge 5:",sharing_experience,
Beard Meets Calculus donation in Costco!. I ♥️ dr butler,sharing_experience,
"Good 1 Credit Classes for fall. Hey everyone, I need a good 1 credit class for next semester. Looking for something easy, fun, and intresting. Any classes you’d recommend?",seeking_help,
"Retaking course at cc. If I got a bad score here at ISU, and retake course somewhere else and transfer it here , does the score go away? I’m below a 2.0 for my ME foundations GPA and want to know if this would work. If it were to go away, I would be above the needed GPA",seeking_help,
"What should I expect as an International student from India at Iowa state university?. Hello, I am an incoming freshman from India for fall 2025. I'm majoring in finance. What should I expect in this university as an international student? Can anyone give me some tips and tricks?",seeking_help,
Petition to make west campus equally confusing,sharing_experience,
Iowa lawmakers move to mandate students take Center for Intellectual Freedom classes amid low enrollment. Really hope this gets vetoed. I’m an incoming freshman majoring in STEM and I don’t have any desire to take these,announcement,edge: news link + opinion; the news is the point -> announcement
"The mat pat event was not thought through. Yes am a little salty that I missed the line while being an hour an a half early but the walk back had me thinking. Who decided that hosting an event in a room that has a 300 or so capacity that nearly the entire school would want to go to was a good idea. I know it would be a bit difficult but having it somewhere like the coliseum or Stephens auditorium(idk the capacity but I bet its more) would have been infinitely better. Like come on man, wtf was this",sharing_experience,
"Anyone taking an LAS internship course this summer?. **For ISU students doing an internship and enrolled in the LAS internship course over the summer. Do you still get free access to State Gym, or do you need to purchase a summer membership?**",seeking_help,
"I really miss Ames Tap Water. I have just moved to a new city. I drank from the tap. The taste was weird but I think it might be just too cold. So I just followed my old Ames routine and boiled tap water using kettle to make tea. When I poured out the boiled water, the water surface looked a bit different but I do not think much. I told myself I was too busy to pay attention to water when I was in Ames. And later in the day I went back to drink from the kettle and I found lots of white color powder like things in my mug. I checked the kettle and I thought my new roommate never cleaned the kettle so I scrubbed it. And two days later same things happened again. It turns out the kettle will be covered with mineral within two days ffs. I really miss Ames water now. I used to wipe the kettle bottom once in a few months. That's not something I expect to happen😭 I used to think Brita water filter is a joke. Now I am the joke. It seems like I trade the cleanest tap water with moist winter nostrils",sharing_experience,
"Any Norse heathens on campus?. I’m a sophomore here and I need more heathen/pagan friends. I know there are groups like salt and vine, but is there anything for pagans/heathens? Any knowledge would be awesome, thanks",seeking_help,
"Iowa State, where is your art??. Hey Ames students! Arts Midwest here. We're sending our writer across Iowa soon to do some storytelling, photo/video collecting, and interviewing on artists, creative spaces, and unique art-making. Where are must-see spots and must-meet artists at your university or in your city? Feel free to plug yourself/your friends. Hype up IA State artists!!😄 [https://artsmidwest.org/stories/](https://artsmidwest.org/stories/)",announcement,
"Tell Iowa State University to Drop ICE-enabling companies (Flock, Enterprise, and Hilton)",announcement,
"Dear colleagues, please help us oppose the HF2513. The Iowa Senate is currently considering House File 2513, a bill that would restrict universities from hiring certain highly skilled workers based on citizenship. Many believe this policy could harm Iowa’s universities, economy, and global reputation without meaningfully improving security. 1. We are organizing a peaceful gathering at 4:00 PM on Saturday, March 21(time updated), on the west lawn of the Iowa State Capitol in Des Moines to express our opposition to this discriminatory legislation. Please join if you can. 2. If you support keeping Iowa welcoming, competitive, and open to talent, please consider adding your name to this open letter opposing HF 2513. Every signature helps show lawmakers that Iowans care about the future of our universities and economy. Sign here: [https://forms.gle/iGk4A5EcpJLf3Bz27](https://forms.gle/iGk4A5EcpJLf3Bz27) https://preview.redd.it/ts8gt87q1jpg1.png?width=1292&format=png&auto=webp&s=64d995c6cfdbc6172be888516188872be1a92bd8",announcement,
Let's support our families and better our educations!,announcement,
The Change We Need. Are you interested in positive change for ISU? Check out the following Instagram: @ votekuhseklem and RUN don't walk to [vote.iastate.edu](http://vote.iastate.edu) to cast your vote now. All currently registered students (undergrad and grad) can and should vote. Drop any questions below!,announcement,
Someone earlier posted about how they miss Iowa State. Here’s the Four Seasons fountain and the campanile to bless your timeline. Iowa State Alum ‘20 here and current Ames resident. I absolutely LOVE walking around campus and last night was perfect. Tons of soon to be graduates taking their pictures all around campus,sharing_experience,
"STOP, zoom out, think about it. The jointly observable universe, everything that happens to you and even part of your own body and actions is a canvas that you have no control over. Your actions are a paintbrush. You exist as a delicate balance of your unique window into this universe, consciousness, contained in a limited physical form in a logical and apathetic physical world. Altered by experience and chemistry our brain dictates much of our behavior but expressing no free will is to leave the canvas untouched by the paint brush. The totality of your life is the highest form of art and your actions are the paint brush. How will you paint your universe with your actions? What will your painting look like when it's done? Will you let the discordant canvas dominate the painting or will you strive to create something beautiful on a difficult medium? -The Canvas Poetry motivation",sharing_experience,
"Wiccans. I know we used to have some partitioners of the Craft here, I've recently learned about it and am interested in learning more directly from a practitioner if there are any, thank you for your time. Edit: Oh how secure you all must be in your faith that you feel the need to downvote a post about Paganism, LOL. Still while it is fun to make fun of those insecurities a little, it does disappoint me that so many are so unwilling to understand others they may disagree with. I hope some day this world moves past such closed mindedness, maybe we can eventually learn to understand and accept one another",seeking_help,
"Any student housing left?. I know I’m late to the party lol. But I’m a returning junior and had some outstanding charges on my ubill that did not allow me register for classes or putting in a housing contract. Luckily the my classes will be figured out in the next week, but I still need to figure out my living arrangements. I was thinking university village would be the best option but I don’t know the current availability. Worse case scenario is I have to find someone looking for a cheap roommate",seeking_help,
New President. David Cook is the new president of Iowa State University,announcement,
Made this yesterday. Periodical room at Parks. 95 years difference. 2020 and 1925,sharing_experience,
"Thoughts on Somerset apartments in North Ames?. Hi everyone! I’m an incoming graduate student and am currently looking into off-campus housing. I’ve been eyeing some apartments managed by Hunziker in the Somerset neighborhood in North Ames. I really like that many of them come with extra amenities included, but I’m curious about the actual day-to-day experience. For those of you who have lived in Somerset 1.How has your experience been with the property management? 2.If you’ve had maintenance requests, are they generally resolved quickly? 3.Is there anything else I should know about living in that area before signing a lease? Thank you so much for the help!",seeking_help,
ISU PD Flock Camera Transparency Portal,announcement,
You obviously haven't been tailgating before. If you're worried about people drinking and driving following an ISU game well let me tell you... it's been happening long before now.,sharing_experience,
Maple floor 5 called. They want their fursuits back.,sharing_experience,
"Why do i only see Women’s Volleyball and football games?. So, I bought the $300-ish tickets pack or wtv. I signed in on my Iowa State Cyclone app and while selecting the games I’m interested in, i selected only football and women’s volleyball. But i wanna see men and women’s basketball too. But i only see those two options while i bought the whole package. How do i change that? Plz help, I don’t want all that money to go to waste😖😖",seeking_help,
"George Kittle is forced to wear an Iowa State helmet following Iowa’s loss on Sunday. For context, Purdy wore Herky’s head last year",sharing_experience,
"ALEKS Assessment. I am an incoming freshman in computer engineering, and I have passed ALEKS with a 98% score. There is an option to take the MATH 1660 placement exam, and I know it's to skip Calculus I. I am not fully familiar with it because I went through Khan Academy, and I know probably only 50-60% of it, but at the same time, I do not want to waste my time in the first semester learning parts I already fully understand. Should I go through Khan Academy and review it, take approximately 2-3 weeks and then try the exam?",seeking_help,
"donate plasma🗣️. okay this is a plug if you can’t find a job on/near campus… donate plasma (specifically at grifols)! pays like $115 a week but even more for new donors. I also have a referral bonus that I’m willing to split with people if they go at least twice, just shoot me a message🙂",announcement,
My professor just sent this out to all of his students in case they had nowhere to go for Thanksgiving,sharing_experience,
"Can't register for calc 2. When I try to register it says that only reserved capacity seats are available, am I doing something wrong?",seeking_help,
When do we get our financial aid package for 26-27 school year?. Hello! A returning student here wondering when will the financial aid package be released?,seeking_help,
I guess time's up for international student here :D. I'm an international student and we are cooked lol. No one will touch an F1 student with a ten foot pole even for an internship anymore. F,sharing_experience,
Top .7% percent Butler video watcher,sharing_experience,
"International students are in serious trouble.. This is a letter from an international F-1 Visa student at Colombia University. I encourage everyone to read through this before you jump to any conclusions. The alarming this concerning our university is that we can not expect them to act better that Colombia. I urge every student, international or not, that this is unacceptable and that every student must be protected",announcement,edge: shares a letter + 'I encourage everyone to read' -> announcement
"Dorm advice!. Hi! I submitted my housing contract a long time ago, maybe back in January, and just got the option to select my dorm room recently. I was hoping to room I. Fridley, but it’s not showing up as an option sadly. The options it gave me are Oak, Linden, Wallace, Wilson, and Elm. I’m going into fashion design, and was hoping for a super social experience and looking to meet lots of new people and make new friends. Which of these halls would be recommended for a student like me?",seeking_help,
"Any good mountain bike trails in/around Ames?. Bringing my bike down for the summer, just looking for some good trails",seeking_help,
It would be almost 10% of the budget shortfall they are expecting over then 5 years,sharing_experience,
"Edging club at Iowa State?. My roommate (18M) and I (19M) just finished a sesh of our own and we were wondering if it exists? If not, why hasn’t one been started? Would garner a lot of interest. I did it competitively in high school (actually ended up winning the West Virginia state championship) and would love to continue in college",seeking_help,
"Downvoting your comment is dumb; obviously the athletic dept needs all the cash it can get and yjis is an additional revenue steam, but move the needle in some material way it will not.",sharing_experience,
What in the Pink Tax. Why is the women’s so much more expensive??? It’s the generic brand and in every actual retail selling of the product it costs less than the men’s. $4 more is actually insane. I swear it’s more expensive than last year too because I was always complaining that it was $3 more,sharing_experience,
Will I get in. I’m a senior in high school and I currently have a 2.5 gpa and a 22 on the ACT. Do you think I will get accepted or do you think I still have time to get my gpa up?,seeking_help,
Protest for TP USA/Vance event on 30th. Im wondering if there are any student-led protests planned for the TP USA/Vance event on the 30th ? Has anyone has heard anything?,seeking_help,
"What happened on campus May 28-31?. I will admit I am a bit of a bus enthusiast, and I haven't been able to find any answers to this question online and I don't live in Ames atm: &#x200B; What happened on campus, or with CyRide, on May 28-31? I noticed that around these days, there were modified versions of the orange and blue routes that went between campus and Hilton that ran much more frequently than the originall routes. I also noticed that articulated (bendy) busses ran on the shortened blue route these days as opposed to staying on orange like they usually do. &#x200B; Busses would also sometimes run every \~10min at 2-3 AM, which is much later and more frequent than even the moonlight routes...I haven't been able to get this off my mind; was there some big event going on these days that wasn't advertised online?",seeking_help,
"We Texans thank you for 19, 14 and 81!!!. https://preview.redd.it/tpuoxvloijxf1.png?width=1036&format=png&auto=webp&s=8c4e96d4e820b668fd615a2643e9061f6ff23591 I am sure you wish you had them back",sharing_experience,
So are Lancelot and Elaine just never coming back?. One of the swans died right at the end of my freshman year and 3 years later I’m now a grad student and realized they still haven’t introduced new swans to Lake Laverne (and took the other one away; I don’t remember when the other one left). I know they have to acclimate and all but over 3 years seems excessive for ISU to still not have found new swans. Is it an ethics issue? They were so iconic to ISU’s campus :(,seeking_help,edge: asks if swans return amid musing -> seeking_help
The Campa-Meal has been made Campa-Real! Buy your Meal Plans™️ today!,sharing_experience,
"The Mossad agent watching me miss the bus that he sped up with his mind, forcing me to freeze a tentacle off as I drag myself to my 8am class.",sharing_experience,
"Is 20 Hours per week of ISU Dining work too much for an Engineering Freshman?. I just got a job offer but I'm a bit hesitant about it, there is a requirement of you have to work during the finals week",seeking_help,
"If you haven't voted in the student election yet, vote against Kelly-Rose. Henry Rose [is a clerk for Taylor Collins](https://www.legis.iowa.gov/directory/legislative/legisRepresentatives), the Republican Iowa Representative who introduced [bill IA HF2041](https://www.billtrack50.com/billdetail/1933238), which if passed would require local law enforcement to collaborate with ICE. Furthermore, the Kelly-Rose campaign [is supported by Turning Point USA organization Campus Victory Project](https://iowastatedaily.com/331614/news/presidential-debate-continues-discourse-over-alleged-outside-funding/), which is funded by TPUSA to push conservative candidates into student leadership positions. Kelly-Rose want to deport our international students and are puppets of partisan far-right groups.​ They will not represent our interests",announcement,
Laptop. Can you charge your laptop to the Ubill if you buy it through the bookstore?,seeking_help,
